,중식메뉴,,,,,,
0,청포묵무침,오징어찌개,쇠불고기,계란찜,,,
1,마늘쫑무침,김치찌개,모둠소세지구이,가자미튀김,,,
2,견과류조림,카레덮밥,쫄면야채무침,치킨핑거,,,
3,주꾸미볶음,시금치나물,부추전,,,,
4,떡국,우엉잡채,청경채무침,돈육씨앗강정,,,
5,도토리묵무침,쌈무,양파절임,훈제오리구이,,,
6,꽃게탕,옥수수전,유채나물,돈육굴소스볶음,,,
7,닭감자조림,콩나물무침,연두부,,,,
8,탕수어,오징어숙회무침,취나물,,,,
9,쇠고기장조림,통도라지구이,치커리무침,,,,
10,해초무침,낙지비빔밥,고구마치즈구이,,,,
11,새송이버섯볶음,돌나물무침,치킨무,마늘간장치킨,대구찌개,,
12,호박꼬지&고사리&무나물,갈치구이,부럼,파래김,,,
13,꽃상추무침,돈육간장볶음,버섯잡채,,,,
14,비빔밥,맛탕,소세지피망볶음,,,,
15,곰피초장,닭갈비,새싹두부구이,,,,
16,도라지초무침,오징어볶음,계란찜,,,,
17,늙은호박전,제육볶음,치커리생채,,,,
18,주꾸미볶음,맛살계란말이,아삭고추무침,,,,
19,탕수육,새송이버섯조림,무생채,,,,
20,메추리알조림,열무된장나물,부대찌개,가자미튀김,,,
21,모둠묵,닭갈비,톳두부무침,,,,
22,소세지구이,풋마늘초무침,차돌박이찌개,고등어김치말이,,,
23,돈육장조림,홍어무침,시금치나물,,,,
24,고추장찌개,해물파전,취나물,닭데리야끼조림,,,
25,수제돈가스,탕평채,쫄면무침,,,,
26,돈육고추장볶음,콩나물파채무침,모둠양채쌈,,,,
27,소불고기,마늘쫑볶음,골뱅이무침,,,,
28,무나물,두부계란부침,미니채소떡갈비,,,,
29,탕수어,깻순나물,파래김,,,,
30,쌈무,부추생채,연근땅콩조림,훈제오리구이,,,
31,도토리묵무침,꽃게탕,계란말이,버섯불고기,,,
32,코다리강정,두부&김치볶음,유채나물,,,,
33,실곤약초무침,치킨텐더,땅콩조림,,,,
34,시래기나물,쇠고기장조림,오징어초무침,,,,
35,비엔나볶음,닭개장,열무나물,자반고등어구이,,,
36,해파리냉채,닭갈비,취나물,,,,
37,주꾸미볶음,새송이버섯전,치커리유자청생채,,,,
38,알감자버터구이,봄새싹비빔밥,오징어튀김,,,,
39,동태전,봄동나물,돈육굴소스볶음,,,,
40,버섯들깨탕,갈치조림,우엉잡채,아삭고추무침,,,
41,풋마늘초무침,브로컬리맛살볶음,순두부찌개,쇠불고기,,,
42,모둠소시지구이,시금치나물,오징어볶음,,,,
43,두부조림,모둠쌈,제육볶음,,,,
44,해물파전,무생채,매운돼지갈비찜,,,,
45,순살양념치킨,메추리알조림,콩나물무침,,,,
46,풋마늘초무침,무쌈,양파절임,훈제오리구이,,,
47,쇠고기단호박조림,열무나물,부대찌개,시금치나물,,,
48,양배추쌈,무생채,돈육굴소스볶음,,,,
49,도라지초무침,냉이된장찌개,콩나물무침,닭데리야끼조림,,,
50,돈육강정,콩나물잡채,브로컬리두부무침,,,,
51,꽁치한마리구이,고기전,해초무침,육개장,,,
52,청포묵무침,매콤떡갈비조림,부추생채,,,,
53,쇠고기볶음,청경채생채,옥수수전,대구매운탕,,,
54,연근조림,깻잎양념지,등갈비김치찜,,,,
55,김치전,버섯볶음,돈간장불고기,,,,
56,주꾸미볶음,풋마늘대무침,치즈계란말이,,,,
57,궁중떡찜,알감자버터구이,나물비빔밥,유기농식혜,,,
58,치킨무,콩자반,양념파닭,동그랑땡부침,,,
59,치커리사과무침,고등어카레구이,돈육김치찌개,미트볼조림,,,
60,비름나물,닭갈비,맛살겨자채,,,,
61,실곤약초무침,모둠장조림,온두부,,,,
62,동태전,무생채,오징어볶음,,,,
63,도토리묵무침,무쌈,양파절임,훈제오리구이,,,
64,버섯불고기,오징어초무침,시금치나물,,,,
65,가지나물,돈육칠리강정,멸치크랜베리볶음,,,,
66,꽃맛살볶음,통도라지구이,찜닭,,,,
67,치커리유자생채,해물파전,매운돼지갈비찜,된장찌개,,,
68,감자고추장찌개,꽃상추무침,계란찜,돈육굴소스볶음,,,
69,비름나물,고기전,들깨버섯탕,고등어김치말이,,,
70,요플레,산채비빔밥,연근땅콩조림,치킨핑거,,,
71,숙주나물,미니채소떡갈비,골뱅이무침,,,,
72,불미나리무침,순두부찌개,새송이버섯전,닭오븐구이,,,
73,오이무침,옥수수전,쇠고기불고기,,,,
74,한방갈비탕,오징어숙회무침,치커리생채,꼬지삼색전,,,
75,탕수어,우엉조림,낙지볶음밥,,,,
76,갈치구이,무생채,비엔나감자볶음,,,,
77,닭양념조림,고구마순나물,동그랑땡전,,,,
78,누룽지탕수육,명태조림,오이도라지생채,,,,
79,잡채,닭갈비,깻잎양념지,,,,
80,강된장찌개,궁중떡볶이,열무비빔밥,오징어튀김,,,
81,실곤약초무침,모둠장조림,두부구이,,,,
82,김치전,머위대나물,차돌박이찌개,찜닭,,,
83,가지나물,홍어채무침,돈육굴소스볶음,,,,
84,참치김치찌개,순살깐풍기,브로컬리초장,맛살콩나물냉채,,,
85,비름나물,돼지갈비찜,부추전,,,,
86,치커리사과무침,모둠소시지구이,오징어볶음,된장찌개,,,
87,모둠쌈,참치야채전,제육볶음,,,,
88,닭양념조림,탕평채,어묵볶음,,,,
89,카레덮밥,쫄면무침,떡갈비조림,열무된장나물,,,
90,고기전,해초무침,부대찌개,가자미양념찜,,,
91,돈육강정,꽃게탕,버섯잡채,김구이,,,
92,레몬탕수육,명태엿장조림,시금치나물,,,,
93,치킨무,간장치킨,오이무침,대구찌개,마늘쫑볶음,,
94,돈삼겹보쌈,새송이버섯전,콩나물파채무침,상추쌈,,,
95,메추리알조림,숙주나물,매콤낙지볶음,,,,
96,골뱅이무침&소면,목살데리야끼구이,간장깻잎지,,,,
97,실곤약초무침,쌈무,야채스틱,훈제오리구이,,,
98,닭가슴살냉채,육개장,고등어구이,마늘쫑무침,,,
99,상추겉절이,계란말이,간장돼지갈비찜,,,,
100,김치전,치커리사과무침,닭오븐구이,버섯들깨찌개,,,
101,두부새싹구이,유자청제육볶음,양배추쌈,,,,
102,감자고추장찌개,버섯불고기,맛살겨자초무침,노각무침,,,
103,비름나물,꽁치김치말이찜,모둠소세지구이,,,,
104,통도라지구이,해물파전,닭강정,,,,
105,갈치조림,돈육잡채,오이생채,된장찌개,,,
106,갈릭돈까스,감자볶음,영양부추,,,,
107,호박잎찌개,홍어채무침,모듬쌈,돈육굴소스볶음,,,
108,꽃맛살볶음,도라지나물,순살파닭,,,,
109,나물비빔밥,사천식탕수육,감자만두,수박,,,
110,매운주꾸미볶음,동태전,브로컬리두부무침,,,,
111,가지나물,삼치구이,등갈비김치찜,,,,
112,돈육떡강정,해초무침,순두부찌개,새송이버섯전,,,
113,치커리들깨무침,늙은호박전,목살데리야끼,,,,
114,청포묵무침,사골우거지탕,미트볼조림,골뱅이무침,,,
115,고추장불고기,명태엿장조림,깻잎지,,,,
116,참치회덮밥,락교,춘권,토마토,고구마치즈구이,,
117,참나물생채,쌈무,해파리겨자채,불닭볶음,,,
118,계란말이,미니채소떡갈비,연근조림,,,,
119,오이도라지무침,동파삼겹수육,수박,감자채볶음,,,
120,꽃게탕,콩자반,동그랑땡전,훈제오리냉채,,,
121,양배추피클,꽁치오븐구이,연복풍덮밥,마늘쫑무침,,,
122,부대찌개,갈치구이,닭살겨자냉채,꽈리고추찜,,,
123,꽃맛살볶음,웨지감자오븐구이,열무보리비빔밥,유기농식혜,,,
124,버섯들깨탕,메추리알조림,레몬탕수육,콩나물무침,,,
125,시금치무침,닭데리야끼조림,비엔나감자볶음,,,,
126,된장찌개,무생채,연근,오징어튀김,매콤돼지갈비찜,,
127,도라지초무침,오꼬노미계란말이,유자청제육볶음,,,,
128,미니함박조림,오이무침,오징어브로컬리숙회,,,,
129,장어강정,우엉잡채,치커리생채,,,,
130,삼겹살오븐구이,상추&마늘,매운어묵볶음,,,,
131,고구마범벅,새우까스&탈탈소스,불고기덮밥,노각무침,,,
132,해초무침,닭곰탕,비엔나피망볶음,고등어조림,,,
133,고기전,청경채무침,대구매운탕,오징어볶음,,,
134,실곤약초무침,갈릭돈가스,마늘쫑볶음,,,,
135,소고기숙주볶음,땅콩조림,쑥갓두부무침,,,,
136,고추잡채,꽃게탕,오이무침,꽁치와사비구이,,,
137,두부조림,콩나물무침,칠리탕수육,,,,
138,해물된장찌개,치커리유자청무침,닭볶음,연근조림,,,
139,육개장,동태무조림,올방개묵무침,부추전,,,
140,떡국,홍어채무침,마늘치킨,,,,
141,소불고기,순두부찌개,아삭고추무침,골뱅이무침,,,
142,호박잎쌈,갈치구이,버섯매운탕,모듬소시지볶음,,,
143,단무지무침,계란말이,낙지비빔밥,,,,
144,목살데리야끼,버섯잡채,브로컬리초장,,,,
145,해물파전,닭찜,청경채무침,,,,
146,연두부,옥수수전,오징어볶음,,,,
147,모둠버섯볶음,참나물땅콩무침,부대찌개,가자미카레튀김,파김치,,
148,돈육떡강정,오이무침,계란찜,,,,
149,부추생채,콩나물잡채,오리고추장볶음,된장찌개,,,
150,도토리묵무침,유린기,숙주나물,,,,
151,상추겉절이,동그랑땡,닭볶음,,,,
152,쑥갓두부무침,어묵볶음,매운돼지갈비찜,,,,
153,애호박나물,계란말이,오리훈제고추장볶음,,,,
154,참나물생채,레몬탕수육,감자채볶음,,,,
155,핫도그,너비아니구이,열무비빔밥,땅콩조림,,,
156,단배추나물,햄피망볶음,임연수찜,,,,
157,두부조림,무생채,소고기숙주볶음,,,,
158,양배추쌈&쌈장,우엉잡채,유자청돈육볶음,,,,
159,쫄면무침,열무된장나물,간장파닭,,,,
160,카레덮밥,새송이버섯조림,오이무침,,,,
161,올방개묵무침,돈육장조림,호박부추전,된장찌개,,,
162,꽁치한마리구이,가지볶음,브로컬리초장,,,,
163,마늘쫑건새우볶음,버섯불고기,골뱅이소면무침,,,,
164,매운주꾸미볶음,차돌박이찌개,콩나물무침,모둠소세지구이,,,
165,오징어숙회무침,동태,한방소갈비찜,새송이전,,,
166,표고돈육탕수,메추리알곤약조림,부추생채,대구매운탕,,,
167,맛살계란말이,참나물무침,오징어볶음,,,,
168,목살스테이크,버섯잡채,오이무침,,,,
169,산채비빔밥,,생선커틀릿,오복지무침,,,
170,떡국,열무된장나물,마늘치킨,모듬묵,,,
171,애호박나물,계란버섯장조림,등갈비김치찜,,,,
172,소불고기,모둠양채쌈,매운어묵볶음,,,,
173,꽃게탕,치커리유자청무침,미트볼칠리조림,부추전,,,
174,유린기,참치김치찌개,멸치크렌베리볶음,셀프무쌈말이,,,
175,꽁치김치말이,쑥갓두부무침,메밀버섯전,돈신탕,,,
176,단무지,사천식탕수육,짜장밥,,,,
177,해물파전,콩나물무침,제육볶음,된장찌개,,,
178,고추잡채,갈치구이,육개장,미역레몬초무침,,,
179,실곤약초무침,데리야끼파닭,땅콩조림,,,,
180,해초무침,돈육장조림,두부계란전,동태찌개,,,
181,버섯들깨탕,통도라지구이,비엔나감자볶음,고등어조림,,,
182,새송이버섯전,홍어채무침,쇠고기숙주볶음,,,,
183,알탕,생선까스,닭갈비,시금치나물,,,
184,무쌈,부추겉절이,양파절임,훈제오리,,,
185,쭈꾸미볶음,계란말이,세발나물,,,,
186,명태엿장조림,모듬소세지구이,사골우거지탕,오이무침,,,
187,상추파채무침,유자청제육볶음,날치알계란찜,,,,
188,순살양념치킨,차돌박이찌개,동그랑땡전,깻잎지,,,
189,고추잡채,꽃게탕,무생채,연근조림,,,
190,닭살겨자채,쇠고기장조림,멸치아몬드볶음,,,,
191,동태전,치커리무침,칠리탕수육,,,,
192,오징어숙회무침,부추호박전,소고기버섯볶음,,,,
193,햄감자채볶음,닭데리야끼조림,브로컬리무침,,,,
194,유산슬,청경채무침,임연수구이,,,,
195,풋고추,해물김치전,올방개묵무침,설렁탕,,,
196,쌈다시마초장,어묵볶음,갓김치,순살깐풍기,콩비지찌개,,
197,누룽지탕수육,도라지초무침,계란찜,,,,
198,새싹두부구이,오이생채,대구매운탕,쇠고기숙주볶음,,,
199,순두부탕,청포묵무침,갈치조림,파닭,,,
200,참나물,짬뽕불고기,우엉잡채,,,,
201,카레덮밥,통감자오븐구이,베추겉절이,연근땅콩조림,,,
202,모둠소시지구이,물파래무침,오징어볶음,,,,
203,늙은호박전,모둠쌈,제육볶음,,,,
204,나물비빔밥,치킨핑거,오복지무침,,,,
205,모둠장조림,톳두부무침,골뱅이무침,,,,
206,떡국,청경채무침,콩나물겨자채,양념찜닭,,,
207,무쌈말이,참치야채전,순두부찌개,훈제오리구이,,,
208,배추쌈,삼겹살오븐구이,무말랭이,실곤약흑임자무침,홍합탕,,
209,아이스슈,짜장밥,해물누룽지탕,쨔샤이무침,개성감자만두,,
210,양념돼지갈비찜,상추초무침,버섯메밀전,,,,
211,닭가슴살냉채,삼치무조림,차돌박이된장찌개,마늘쫑무침,,,
212,매운어묵무침,다시마,돈육굴소스볶음,,,,
213,오이도라지무침,코다리강정,냉이된장찌개,돈육잡채,,,
214,청경채무침,소불고기덮밥,고구마튀김,,,,
215,옥수수계란찜,부추생채,콩비지찌개,오리고추장볶음,,,
216,갈치구이,비엔케찹볶음,아삭고추무침,,,,
217,하루나겉절이,짬뽕불고기,감자채볶음,,,,
218,꽁치김치말이,고추잡채,올방개묵무침,,,,
219,가지나물,마늘간장치킨,홍어채무침,된장찌개,,,
220,꽃게탕,쇠고기버섯볶음,오이무침,양배추쌈,,,
221,동태전,치커리유자청무침,떡갈비조림,,,,
222,풋마늘대무침,두부새싹구이,돈육간장불고기,동태찌개,,,
223,닭갈비,우엉잡채,,,,,
224,미트볼케찹조림,군고구마,,,,,
225,쑥갓두부무침,소세지감자조림,오징어볶음,,,,
226,수제돈까스,꽈리고추어묵볶음,순두부찌개,물미역초장,,,
227,사골떡국,통도라지구이,쇠고기낙지볶음,부추깻잎전,,,
228,언양식불고기,매운동태찜,콩나물파채절이,홍합탕,,,
229,동그랑땡전,꽈리고추멸치볶음,,,,,
230,청경채생채,육개장,굴비구이,두반장감자볶음,,,
231,레몬탕수육,주꾸미초무침,어묵볶음,된장찌개,,,
232,무쌈말이,쫑상추무침,동파육,,,,
233,고기전,두반장가지볶음,주꾸미떡볶음,,,,
234,비빔밥,오복지무침,생선까스,,,,
235,매운닭찜,봄동된장무침,모듬버섯구이,,,,
236,치커리유자생채,잡채,미니함박조림,,,,
237,참나물땅콩무침,꽃맛살햄볶음,오징어볶음,,,,
238,순두부찌개,시금치초생채,삼색묵무침,쇠고기숙주볶음,,,
239,무쌈,옥수수전,훈제오리구이,부추무침,,,
240,두부새싹구이,유자청돈육볶음,청경채무침,,,,
241,닭개장,가자미카레튀김,비엔나케찹볶음,파래김,,,
242,새송이버섯전,닭볶음,마늘쫑무침,,,,
243,알탕,깻잎찜,감자채볶음,돈육간장불고기,,,
244,오이사과무침,카레덮밥,유린기,개성감자만두,,,
245,삼색꼬지전,소갈비찜,콩나물무침,,,,
246,언양식불고기,양잡피잡채,진미채무침,,,,
247,닭살겨자채,고추장불고기,모듬쌈,,,,
248,스위트칠리미트볼,갈치구이,치커리생채,,,,
249,연두부찜,무생채,소고기낙지볶음,,,,
250,감자전,단배추나물,냉이된장찌개,닭갈비,,,
251,실곤약무침,유산슬,땅콩멸치볶음,대구매운탕,,,
252,춘권,닭오븐구이,물미역무침,,,,
253,수제돈까스,명태조림,치커리생채,,,,
254,보름나물,홍어무침,굴비구이,김구이,,,
255,두부구이,도라지오이생채,제육볶음,,,,
256,주꾸미볶음,숙주나물,돈육잡채,된장찌개,,,
257,해물김치전,다시마쌈,순살파닭,,,,
258,소불고기,얼갈이나물,홍합탕,오징어초무침,,,
259,동태전,부추무침,등갈비김치찜,,,,
260,새송이버섯전,동파육,치커리유자무침,,,,
261,야채계란찜,버섯들깨탕,낙지볶음,취나물,,,
262,생선까스,나물비빔밥,마늘쫑볶음,,,,
263,메추리알조림,돼지갈비찜,브로컬리초장,,,,
264,톳무침,깐풍기,어묵볶음,,,,
265,오이부추무침,양파절임,훈제오리구이,녹두김치전,,,
266,콩나물동태찜,사골떡국,언양식불고기,돌나물무침,,,
267,돈육김치찌개,팝콘치킨,해초무침,고등어조림,,,
268,카레덮밥,무피클,군만두,미니채소떡갈비,,,
269,치커리사과무침,순살닭갈비,동그랑땡전,,,,
270,꽁치한마리구이,돈육칠리강정,봄동달래무침,토란탕,,,
271,햄감자채볶음,고추간장지,오징어볶음,,,,
272,숙주나물,골뱅이무침,마늘치킨,,,,
273,얼큰순두부찌개,해물청경채볶음,도라지오이생채,계란말이,,,
274,야채계란찜,버섯불고기,파래김,,,,
275,미트볼케찹조림,우엉잡채,방풍나물,동태찌개,,,
276,건새우마늘쫑볶음,옥수수전,양념찜닭,,,,
277,모듬쌈,콩나물겨자채,돈육굴소스볶음,,,,
278,고추장찌개,치킨커틀렛,연근땅콩조림,시금치나물,,,
279,맛살전,콩나물불고기,상추무침,,,,
280,쇠고기장조림,냉이된장찌개,부추생채,굴비구이,,,
281,비엔나볶음,유린기,돈육김치찌개,세발나물,,,
282,통도라지구이,돼지갈비찜,물파래전,,,,
283,고추잡채,올방개묵무침,대구매운탕,김구이,,,
284,알탕,오꼬노미계란말이,얼갈이나물,소고기숙주볶음,,,
285,주꾸미볶음,탕평채,시금치나물,,,,
286,언양식불고기,봄나물비빔밥,땅콩조림,,,,
287,김치전,사천식탕수육,쑥갓두부무침,,,,
288,닭가슴살장조림,콩나물무침,생선커틀렛,,,,
289,쌈무,꽃게탕,오이달래무침,양파절임,훈제오리,,
290,동태전,도토리묵무침,쇠불고기,된장찌개,,,
291,유산슬,단무지무침,짜장밥,부추만두,,,
292,크래미숙주무침,감자채전,마늘치킨,,,,
293,참나물생채,버섯구이,육개장,미니채소떡갈비,,,
294,비름나물,쇠고기낙지볶음,날치알계란찜,,,,
295,해물누룽지탕,김치찌개,우엉잡채,청경채무침,,,
296,삼겹살오븐구이,파채상추무침,맛살콩나물냉채,,,,
297,닭데리야끼조림,시금치나물,매운어묵볶음,,,,
298,메추리알조림,머위된장나물,오징어볶음,,,,
299,오징어숙회무침,방풍나물,된장찌개,돈육굴소스볶음,,,
300,쇠고기장조림,도라지생채,얼갈이겉절이,시금치프리타타,,,
301,탕수어,쫄면무침,요플레,,,,
302,가지나물,참치야채전,등갈비김치찜,,,,
303,브로컬리맛살볶음,부추생채,버섯불고기,,,,
304,아삭고추된장무침,언양식불고기,부대찌개,계란장조림,,,
305,도토리묵무침,차돌박이찌개,콩나물잡채,닭강정,,,
306,견과류조림,비빔밥,오징어튀김,,,,
307,매콤함박스테이크,영양부추생채,삼치구이,,,,
308,탕수육,숙주나물,곤약야채무침,꽃게찌개,,,
309,쌈무,양파절임,참치김치찌개,부추생채,올방개묵무침,훈제오리구이,
310,생선까스,닭갈비,무생채,,,,
311,고추장찌개,홍어채무침,쇠불고기,머위대들깨볶음,,,
312,잡채,콩나물무침,제육볶음,된장찌개,,,
313,비름나물,낙지볶음,새송이버섯전,,,,
314,카레감자채볶음,유린기,옹심이만두떡국,마늘쫑무침,,,
315,치커리유자청무침,돈육꽈리고추볶음,콩비지찌개,매운어묵볶음,,,
316,양념깻잎지,맛살계란찜,오징어볶음,,,,
317,동태전,쇠고기장조림,미나리오이무침,,,,
318,고추잡채,부대찌개,청경채무침,굴비구이,,,
319,순살양념치킨,참나물생채,콩나물겨자채,,,,
320,양배추,버섯구이,제육볶음,,,,
321,해초무침,부추전,간장찜닭,,,,
322,고추지,고등어구이,감자프리타타,,,,
323,상추겉절이,오리불고기,두부조림,오이소박이,,,
324,동그랑땡전,주꾸미떡볶음,부추생채,,,,
325,청경채사과생채,소불고기,계란찜,,,,
326,맛살전,동파삼겹수육,아삭고추무침,,,,
327,열무보리비빔밥,오이지무침,탕수만두,,,,
328,참나물땅콩무침,어묵볶음,등갈비김치찜,,,,
329,도토리묵무침,모듬소세지볶음,돈육김치찌개,삼치된장구이,,,
330,씨앗쌈장,계란말이,모둠쌈,돈육굴소스볶음,,,
331,쌈무,부추생채,새송이버섯전,훈제오리구이,,,
332,숙주나물,미니채소떡갈비,골뱅이무침,,,,
333,실곤약초무침,어묵꽈리고추볶음,깐풍기,호박잎된장찌개,,,
334,고구마순나물,홍어채무침,연두부탕,쇠고기숙주볶음,,,
335,쭈꾸미볶음,늙은호박전,치커리사과생채,,,,
336,견과류조림,치킨핑거,,,,,
337,메추리알조림,갈치구이,무생채,,,,
338,삼겹살구이,쫑상추무침,감자채볶음,,,,
339,해물부추전,오이도라지생채,유자청제육볶음,,,,
340,감자비엔나볶음,고등어김치말이,연근조림,,,,
341,카레라이스,언양식불고기,수박,떡볶이,,,
342,양념깻잎지,비빔야채만두,해물누룽지탕,,,,
343,닭갈비,콩나물무침,셀프무쌈말이,,,,
344,훈제오리고추장볶음,차돌박이찌개,양배추쌈,곤약흑임자무침,,,
345,동그랑땡구이,시금치나물,오징어볶음,,,,
346,잡채,아삭고추무침,삼치구이,,,,
347,갈릭돈까스,부추생채,두부양념조림,,,,
348,미역줄기볶음,매운닭찜,감자채전,꼬지어묵탕,,,
349,청경채겉절이,짬뽕불고기,계란찜,,,,
350,고기전,낙지볶음,미역레몬초무침,,,,
351,단무지,유산슬,군만두,짜장덮밥,,,
352,참나물,어묵볶음,등갈비김치찜,,,,
353,도토리묵무침,유린기,숙주나물,,,,
354,우엉조림,버섯불고기,해물겨자냉채,,,,
355,두부계란구이,브로컬리초장,주꾸미떡볶음,,,,
356,생야채&쌈장,수박,삼계탕,,,,
357,동태전,돼지갈비찜,치커리유자청무침,,,,
358,갈치조림,버섯잡채,쑥갓두부무침,부대찌개,,,
359,돈육고추장볶음,간장두부조림,모듬양채쌈,,,,
360,통도라지구이,치커리무침,간장찜닭,,,,
361,천도복숭아,오꼬노미야끼,김치제육덮밥,양장피잡채,,,
362,오징어굴소스볶음,오이무침,모둠버섯구이,,,,
363,메밀전,영양부추생채,미트볼케찹조림,닭곰탕,,,
364,콩나물불고기,어묵탕,동그랑땡전,얼갈이된장무침,,,
365,닭살냉채,가자미카레튀김,참나물무침,된장찌개,,,
366,소세지오븐구이,나물비빔밥,,,,,
367,오징어브로컬리,멸치크렌베리볶음,순살파닭,,,,
368,해초무침,연두부,주꾸미떡볶음,,,,
369,시래기조림,홍어채무침,연두부탕,쇠고기숙주볶음,,,
370,머위대나물,부대찌개,해물누룽지탕,우엉잡채,,,
371,꽃게탕,두부계란구이,치커리사과생채,미니채소떡갈비,,,
372,꽈리고추어묵조림,무생채,닭오븐구이,,,,
373,메추리알조림,양배추쌈,제육볶음,호박잎,,,
374,참나물땅콩무침,쇠고기낙지볶음,새송이버섯전,,,,
375,닭갈비,시금치프리타타,마늘쫑무침,,,,
376,수제돈까스,단배추나물,두부양념조림,,,,
377,셀프무쌈말이,돈육김치찌개,갈치구이,비엔나감자볶음,,,
378,고추장찌개,쌈&야채스틱,돈육보쌈,어묵볶음,,,
379,옥수수계란찜,청경채생채,짬뽕불고기,된장찌개,,,
380,모듬묵양념장,오이무침,오징어볶음,,,,
381,임연수구이,치커리무침,매운닭찜,,,,
382,해물까스,단무지,짜장밥,부추만두,,,
383,김치전,소고기불고기,콩나물무침,,,,
384,해물된장찌개,표고버섯탕수육,두부조림,간장깻잎지,,,
385,검정콩조림,가자미양념찜,감자채볶음,,,,
386,볼어묵볶음,비름나물,주꾸미굴소스볶음,,,,
387,알탕,계란말이,미트볼케찹조림,마늘쫑무침,,,
388,쑥갓두부무침,돈육간장불고기,매운어묵볶음,,,,
389,동태전,닭갈비,치커리사과생채,,,,
390,산채비빔밥,언양식불고기,아삭고추무침,,,,
391,탕수만두,육개장,오이무침,굴비구이,,,
392,두부구이,쌈무,양파절임,훈제오리구이,,,
393,야채계란찜,실곤약초무침,버섯불고기,,,,
394,도토리묵무침,연두부탕,땅콩조림,등갈비김치찜,,,
395,꽃게탕,고구마줄기볶음,양배추쌈,마늘치킨,,,
396,고기전,호박나물,오징어볶음,,,,
397,통도라지구이,동파육,셀프무쌈말이,,,,
398,치커리무침,유자청제육볶음,오꼬노미야끼계란말이,,,,
399,차돌박이찌개,해물누룽지탕,돈육잡채,마늘쫑무침,,,
400,카레라이스,떡갈비조림,오복지,요플레,,,
401,두부계란부침,닭찜,부추생채,고사리육개장,,,
402,참치김치찌개,고등어구이,참나물무침,단호박장조림,,,
403,쫑상추무침,언양식불고기,감자채전,해물순두부찌개,,,
404,비엔나케찹조림,취나물,소고기낙지볶음,,,,
405,메밀전병만두,감자프리타타,아삭고추무침,,,,
406,김치제육볶음,꽁치구이,온두부,,,,
407,순살양념치킨,콩나물겨자채,모듬묵,,,,
408,도라지오이생채,짬뽕불고기,실곤약흑임자무침,,,,
409,해물파전,숙주나물,닭갈비,시래기들깨탕,,,
410,삼겹살구이,상추파무침,어묵볶음,,,,
411,매운주꾸미볶음,차돌박이찌개,두부새싹구이,브로컬리초장,,,
412,미니케익,오징어숙회무침,잡채,쇠불고기,식혜,,
413,쌈무,부추생채,훈제오리구이,계란찜,,,
414,궁중떡찜,고추장찌개,레몬탕수육,유채나물,,,
415,얼갈이생채,해물된장찌개,닭찜,새송이버섯전,,,
416,메추리알조림,치커리유자청무침,오징어볶음,,,,
417,차돌박이찌개,모둠쌈,해파리겨자채,제육볶음,,,
418,참나물생채,고추잡채,고등어조림,,,,
419,수제돈가스,오이무침,민물새우찌개,시금치프리타타,,,
420,마파두부,가지나물,유린기,,,,
421,도라지초무침,메밀부추전,해물청경채볶음,,,,
422,버섯불고기,홍어채무침,마늘쫑볶음,,,,
423,쭈꾸미볶음,미역줄기볶음,두부계란부침,,,,
424,쇠고기잡채,갈치조림,쑥갓두부무침,,,,
425,도토리묵무침,물파래무침,육개장,치킨핑거,,,
426,무나물,돼지갈비찜,어묵볶음,,,,
427,닭갈비,취나물,연두부,,,,
428,상추쌈,돈삼겹보쌈,콩나물파채,옥수수전,,,
429,카레덮밥,군고구마,개성감자만두,,,,
430,사골떡국,계란말이,치커리사과생채,오징어볶음,,,
431,누룽지탕수육,실곤약초무침,톳두부무침,된장찌개,,,
432,짬뽕불고기,참치야채전,호박나물,,,,
433,수제돈까스,봄동겉절이,삼치구이,,,,
434,언양식불고기,도라지오이무침,,,,,
435,해물된장찌개,매운닭찜,두부조림,시금치나물,,,
436,숙주나물,들깨버섯무침,등갈비김치찜,,,,
437,통도라지구이,해물파전,소고기불고기,,,,
438,돼지갈비찜,두부새싹구이,세발나물,,,,
439,청양된장찌개,궁중떡볶이,무생채,굴비구이,,,
440,메밀전병만두,가지무침,찜닭,,,,
441,동태전,양념깻잎지,콩비지찌개,미니채소떡갈비,,,
442,차돌박이찌개,계란말이,치커리유자청무침,오징어볶음,,,
443,물파래무침,맛살겨자채,순살파닭,,,,
444,숙주나물,돈육칠리강정,,,,,
445,고추잡채,갈치구이,오이무침,,,,
446,꽃게탕,새송이버섯전,물미역,돈육굴소스볶음,,,
447,무나물,버섯불고기,골뱅이무침,,,,
448,참나물생채,견과류조림,사천식탕수육,연두부탕,,,
449,나물비빔밥,코다리조림,군고구마,,,,
450,메추리알조림,콩나물무침,제육볶음,,,,
451,찜닭,동태탕,옥수수전,취나물,,,
452,모둠쌈,해파리겨자채,돈육피망볶음,,,,
453,낙지볶음,소고기된장찌개,오이생채,계란찜,,,
454,생선까스&탈탈소스,단호박범벅,두부양념조림,,,,
455,마늘쫑건새우볶음,닭볶음탕,부추전,,,,
456,미트볼케찹조림,부대찌개,김구이,사각어묵볶음,,,
457,양념깻잎지,해물된장찌개,홍어채무침,돈육굴소스볶음,,,
458,차돌박이찌개,계란말이,오이미역무침,해물누룽지탕,,,
459,카레라이스,떡갈비조림,오복지,요플레,모듬묵,,
460,명태코다리조림,비엔나케찹볶음,시금치나물,,,,
461,두부오꼬노미야끼,표고버섯탕수육,마늘쫑무침,,,,
462,실곤약초무침,상추쑥갓생채,버섯불고기,,,,
463,주꾸미볶음,시금치프리타타,물미역,,,,
464,파채콩나물무침,새송이버섯전,민물새우찌개,동파육,,,
465,쌈무,부추생채,순두부찌개,어묵볶음,훈제오리구이,,
466,무나물,오징어초무침,간장마늘치킨,,,,
467,언양식불고기,꽃게탕,호박나물,날치알계란찜,,,
468,무쌈말이,동그랑땡전,오징어볶음,,,,
469,돼지갈비찜,참나물무침,콩나물겨자채,,,,
470,파래김,닭볶음탕,연근땅콩조림,,,,
471,김치전,사골떡국,오이무침,한방소갈비찜,식혜,,
472,궁중떡볶이,무생채,청량된장찌개,굴비구이,,,
473,고구마그라탕,모둠쌈,제육볶음,,,,
474,곤약어묵볶음,부대찌개,깐풍기,매운콩나물무침,,,
475,청경채사과생채,소불고기,계란찜,,,,
476,양파치킨,비엔나케찹볶음,유채나물,,,,
477,참나물생채,해물까스,고추잡채,,,,
478,오징어돈육볶음,참치야채전,호박나물,,,,
479,모둠버섯볶음,양념깻잎지,차돌박이찌개,명태코다리강정,,,
480,해물파전,숙주나물,유자청제육볶음,,,,
481,꽃게탕,쫄면무침,참나물땅콩무침,미니채소떡갈비,,,
482,요플레,나물비빔밥,치킨핑거,마늘쫑볶음,,,
483,해파리냉채,쇠고기장조림,통도라지구이,된장찌개,,,
484,탕수어,버섯잡채,육개장,무생채,,,
485,골뱅이무침,세발나물무침,쇠고기숙주볶음,,,,
486,고기전,봄동겉절이,오징어볶음,,,,
487,단무지,과일탕수육,개성감자만두,짜장덮밥,,,
488,황태양념구이,모듬쌈,돈육굴소스볶음,,,,
489,오이사과무침,늙은호박전,연두부탕,순살파닭,,,
490,가래떡돼지갈비찜,참나물무침,콩나물겨자채,,,,
491,가지나물,새송이버섯전,닭볶음,,,,
492,양장피잡채,김치제육덮밥,아삭고추무침,계란찜,,,
493,닭곰탕,부추생채,매콤미니함박,삼치구이,,,
494,차돌박이찌개,숙주나물,해물김치전,표고버섯탕수육,,,
495,돈육볶음,순두부찌개,시래기조림,홍어채무침,,,
496,해물된장찌개,쇠고기장조림,참치야채전,콩나물무침,,,
497,언양식불고기,치즈계란말이,도라지오이무침,,,,
498,양념깻잎지,동파삼겹수육,연두부,,,,
499,도토리묵무침,해물청경채볶음,메밀전,부대찌개,,,
500,실곤약초무침,차돌박이찌개,닭갈비,양배추쌈,,,
501,모둠버섯볶음,사천식탕수육,쑥갓두부무침,,,,
502,떡국,오징어숙회무침,버섯불고기,취나물,,,
503,쌈무,두부양념조림,부추생채,훈제오리구이,,,
504,늙은호박전,청경채사과무침,짬뽕불고기,,,,
505,카레덮밥,오이무침,고구마치즈구이,,,,
506,미역줄기볶음,모둠묵,마늘치킨,,,,
507,쫑상추무침,맛살냉채,등갈비김치찜,,,,
508,치커리무침,새송이버섯전,소고기숙주볶음,,,,
509,곰피초장,돼지갈비찜,마늘쫑볶음,,,,
510,도토리묵무침,치킨핑거,콩조림,,,,
511,조기구이,오징어숙회무침,구이김,보름나물,부럼,차돌박이된장찌개,
512,해파리냉채,청경채생채,소고기장조림,해물순두부찌개,,,
513,치킨무,해물파전,단배추나물,닭강정,,,
514,떡잡채,얼갈이나물,삼치구이,,,,
515,탕평채,오리불고기,간장깻잎지,홍합탕,,,
516,주꾸미볶음,두부새싹구이,참나물무침,,,,
517,부추생채,버섯불고기,시금치프리타타,,,,
518,가지나물,미트볼케찹조림,우엉잡채,,,,
519,탕수어,시래기지짐,두부,,,,
520,숙주나물,동태탕,닭데리야끼조림,어묵볶음,,,
521,동그랑땡전,세발나물,오징어볶음,,,,
522,무나물,돈육간장볶음,골뱅이무침,,,,
523,고기전,견과류조림,해물누룽지탕,된장찌개,,,
524,도토리묵무침,닭볶음탕,양배추쌈,,,,
525,코다리강정,계란말이,청경채나물,,,,
526,수제돈까스,참나물생채,메추리알곤약조림,,,,
527,치커리사과무침,차돌박이찌개,새송이버섯조림,닭갈비,,,
528,부추전,등갈비김치찜,,,,,
529,볼어묵볶음,유린기,단호박카레라이스,오복지,,,
530,고추잡채,숙주나물,계란찜,,,,
531,주꾸미볶음,취나물무침,참치김치찌개,미니함박조림,,,
532,비엔나간장볶음,소고기낙지볶음,아삭고추무침,,,,
533,언양식불고기,잡채,동태매운탕,쑥갓두부무침,,,
534,오징어숙회무침,닭오븐구이,,,,,
535,류산슬,오이도라지생채,오꼬노미야끼계란말이,,,,
536,양념치킨,연두부,진미채무침,,,,
537,해파리냉채,모듬쌈,제육볶음,,,,
538,참나물땅콩무침,민물새우찌개,소고기장조림,홍어채무침,,,
539,해초무침,새싹두부구이,오징어볶음,,,,
540,코다리양념조림,청경채사과무침,순두부찌개,모듬소시지구이,,,
541,해물김치전,부추생채,안동찜닭,,,,
542,청포묵무침,짬뽕불고기,버섯잡채,,,,
543,쌈무,두부조림,양파절임,훈제오리구이,,,
544,궁중떡볶음,오이미역무침,치킨핑거,,,,
545,알탕,실곤약초무침,가지나물,돈육간장볶음,,,
546,야채계란찜,쫑상추무침,돈육김치찌개,가자미카레튀김,,,
547,오이도라지무침,계란말이,류산슬,,,,
548,꽁치김치말이,청경채새송이볶음,깐풍기,,,,
549,비빔밥,요플레,오징어튀김,떡밤초,,,
550,호박전,닭매운찜,쑥갓두부무침,,,,
551,삼겹살구이,쫄면무침,상추부추생채,순두부찌개,,,
552,꽃맛살볶음,치커리무침,닭데리야끼조림,,,,
553,오꼬노미야끼,김치제육덮밥,양장피잡채,,,,
554,오이미역무침,수제돈까스,어묵볶음,,,,
555,취나물무침,임연수구이,콩나물제육볶음,,,,
556,버섯불고기,무생채,시금치프리타타,,,,
557,탕수어,돈육김치찌개,도라지무침,우엉잡채,,,
558,해파리겨자채,양배추쌈,돈육굴소스볶음,,,,
559,미역줄기볶음,두부계란부침,오징어볶음,,,,
560,실곤약무침,무쌈,훈제오리구이,양파절임,,,
561,참나물생채,새송이버섯전,등갈비김치찜,,,,
562,카레덮밥,어묵꽈리고추볶음,오이무침,고구마치즈구이,,,
563,영양부추무침,탕평채,닭볶음탕,,,,
564,주꾸미볶음,양념깻잎지,동그랑땡전,차돌박이된장찌개,,,
565,짬뽕불고기,상추파무침,멸치볶음,시래기들깨탕,,,
566,오징어&브로컬리,고추지무침,마늘치킨,,,,
567,조랭이떡국,두부구이,돼지갈비찜,치커리생채,,,
568,꽁치오븐구이,떡갈비조림,청경채무침,,,,
569,제육볶음,두부양념조림,모듬쌈,,,,
570,해물청경채볶음,버섯잡채,김치찌개,올방개묵무침,,,
571,수제돈가스,무생채,,,,,
572,메밀부추전,깻잎지,동파삼겹수육,,,,
573,명태양념조림,오이생채,치킨핑거,,,,
574,계란말이,돈육간장볶음,부추생채,,,,
575,닭갈비,해파리겨자채,취나물,된장찌개,,,
576,고추잡채,갈치구이,순두부찌개,도라지생채,,,
577,곤약메추리알조림,완자전,대구매운탕,마늘쫑볶음,,,
578,버섯불고기,콩나물무침,골뱅이무침,,,,
579,육개장,고등어김치말이,모듬소시지구이,청경채무침,,,
580,카레감자채볶음,호박나물,순살파닭,,,,
581,브로컬리맛살볶음,부대찌개,연두부,오징어볶음,,,
582,쫄면무침,무쌈,양파절임,훈제오리구이,,,
583,꽃게탕,비엔나케찹볶음,삼치데리야끼,아삭고추무침,,,
584,방울토마토,열무비빔밥,땅콩조림,미니채소떡갈비,,,
585,짬뽕불고기,상추파무침,명란계란말이,,,,
586,도토리묵무침,코다리강정,닭개장,잡채,,,
587,해초무침,닭갈비,시금치프리타타,,,,
588,영양부추무침,생선커틀릿,류산슬,돈육김치찌개,,,
589,,카레덮밥,구운채소,깐풍육,오복지무침,,
590,도라지오이생채,메추리알곤약조림,매운돼지갈비찜,,,,
591,메밀전병만두,육개장,동태무조림,올방개묵무침,,,
592,미역줄기볶음,계란말이,유자청제육볶음,,,,
593,가지나물,소고기장조림,홍어채무침,,,,
594,탕수어,오이무침,찐옥수수,,,,
595,해물파전,닭볶음탕,도라지나물,,,,
596,쫑상추무침,동파삼겹수육,매운어묵볶음,,,,
597,고추장찌개,숙주나물,브로컬리오징어숙회,돈육굴소스볶음,,,
598,쌈무,양파절임,우엉잡채,훈제오리구이,,,
599,나물비빔밥,견과류조림,오징어튀김,,,,
600,도토리묵,해파리겨자채,깐풍기,호박잎된장찌개,,,
601,콩나물무침,연두부,등갈비김치찜,,,,
602,소불고기,동그랑땡전,실곤약야채무침,된장찌개,,,
603,참나물생채,생야채,수박,삼계탕,,,
604,해물까스,메추리알조림,찐햇감자,,,,
605,해물순두부찌개,청경채무침,안동찜닭,부추전,,,
606,호박잎,통도라지구이,유자청제육볶음,,,,
607,오징어야채무침,간장깻잎지,돈육굴소스볶음,,,,
608,함박스테이크,아삭고추무침,삼치양념구이,,,,
609,오이사과생채,유린기,사각어묵볶음,,,,
610,참나물땅콩무침,콩나물냉채,매운돼지갈비찜,,,,
611,치커리유자청무침,닭곰탕,새송이버섯전,주꾸미떡볶음,,,
612,도라지오이생채,닭갈비,시금치프리타타,,,,
613,가지나물,짬뽕불고기,버섯잡채,,,,
614,카레덮밥,감자만두,떡갈비조림,오복지,,,
615,청경채사과무침,돈육김치찌개,갈치양념조림,옥수수전,,,
616,꽈리고추어묵조림,연두부탕,닭오븐구이,브로컬리,,,
617,호박나물,소불고기,골뱅이무침,,,,
618,미역줄기볶음,닭살겨자냉채,오징어볶음,,,,
619,열무보리비빔밥,깐풍육,찐옥수수,,,,
620,양념깻잎지,볶음김치,온두부,돈육장조림,,,
621,미트볼케찹조림,사과맛살초무침,굴비구이,된장찌개,,,
622,제육볶음,참나물무침,계란찜,,,,
623,해초무침,쫄면야채무침,해물누룽지탕,차돌박이된장찌개,,,
624,닭개장,주꾸미굴소스볶음,동태포전,아삭고추무침,,,
625,알탕,두부오꼬노미야끼,쇠고기단호박조림,콩나물무침,,,
626,실곤약무침,무쌈,훈제오리구이,양파절임,,,
627,도라지나물,소고기불고기,양념두부조림,,,,
628,해물까스,비빔밥,궁중떡볶이,영양모듬견과,,,
629,동그랑땡,무생채,꽁치레몬구이,된장찌개,,,
630,계란말이,치커리생채,마늘치킨,,,,
631,어묵볶음,홍어채무침,돈육간장불고기,,,,
632,탕수어,쫄면무침,참나물땅콩무침,,,,
633,메추리알조림,치킨핑거,,,,,
634,마파두부,숙주나물,모듬장조림,,,,
635,조랭이떡국,두부새싹구이,도라지생채,소고기낙지볶음,,,
636,버섯불고기,브로컬리오징어숙회,취나물,,,,
637,동파삼겹수육,야채스틱,녹두전,,,,
638,김치제육덮밥,무생채,오징어튀김,,,,
639,꽃게탕,연두부,마늘쫑무침,간장찜닭,,,
640,매운주꾸미볶음,건파래무침,새송이버섯전,,,,
641,양배추쌈,감자채볶음,돈육고추장불고기,,,,
642,닭매운찜,두부스테이크,,,,,
643,소불고기덮밥,구운채소,오복지무침,오징어튀김,,,
644,부추전,콩나물무침,등갈비김치찜,,,,
645,고추장찌개,언양식불고기,계란말이,상추파무침,,,
646,무생채,골뱅이무침,돈육굴소스볶음,,,,
647,김치전,닭개장,류산슬,아삭고추무침,,,
648,메밀전병만두,카레덮밥,감자프리타타,쨔샤이무침,,,
649,꽃게탕,명태조림,소고기장조림,파래김,,,
650,잡채,돼지갈비찜,송편,쭈꾸미숙회무침,식혜,,
651,어묵탕,모듬쌈,감자채볶음,돈육고추장불고기,,,
652,돈육강정,오이초무침,사과고구마그라탱,,,,
653,단호박계란찜,청경채사과무침,오징어볶음,,,,
654,김치전,야채스틱,설렁탕,오징어젓무침,,,
655,깻잎지,버섯불고기,맛살겨자채,,,,
656,참나물생채,조기구이,우엉잡채,,,,
657,가래떡구이,생선가스,땅콩조림,,,,
658,김치제육볶음,브로컬리들깨찜,해물파전,,,,
659,닭갈비,연두부,호박나물,,,,
660,야채계란찜,고추장찌개,오이무침,돈육간장불고기,,,
661,메밀전병만두,닭볶음탕,콩비지찌개,파래김,,,
662,톳두부무침,어묵볶음,등갈비김치찜,,,,
663,방풍나물,쇠고기낙지볶음,시금치프리타타,,,,
664,두부새싹구이,시금치나물,오징어볶음,,,,
665,소불고기,홍어채무침,콩나물무침,,,,
666,쫑상추무침,동파삼겹수육,실곤약야채무침,,,,
667,닭살겨자채,수제돈가스,반달호박나물,,,,
668,청경채생채,마늘간장치킨,새송이버섯전,,,,
669,무쌈,참치야채전,양파절임,훈제오리구이,,,
670,단호박계란찜,도라지초무침,오징어볶음,,,,
671,해파리냉채,닭데리야끼구이,치커리생채,,,,
672,탕평채,사천식탕수육,오징어젓무침,,,,
673,닭갈비,무생채,동태포전,,,,
674,육개장,비엔나케찹볶음,고등어구이,연근조림,,,
675,순두부찌개,소고기불고기,아삭고추무침,골뱅이무침,,,
676,돈육강정,유채나물,두부양념조림,,,,
677,치킨핑거,얼갈이겉절이,,,,,
678,오징어숙회무침,유자청제육볶음,상추무침,,,,
679,알탕,도토리묵무침,언양식불고기,부추깻잎전,,,
680,꽃게탕,콩나물무침,매운어묵볶음,돈육굴소스볶음,,,
681,주꾸미볶음,메추리알조림,통도라지구이,,,,
682,카레덮밥,오이무침,새우까스,,,,
683,두부구이,물파래무침,닭볶음탕,,,,
684,쫄면무침,버섯불고기,취나물,,,,
685,참나물생채,감자프리타타,닭갈비,,,,
686,늙은호박전,짬뽕불고기,연두부,,,,
687,나물비빔밥,군고구마,오징어튀김,,,,
688,레몬탕수육,어묵꽈리고추볶음,물미역,,,,
689,얼갈이생채,계란말이,해물누룽지탕,,,,
690,쇠고기낙지볶음,세발나물,계란찜,,,,
691,모듬버섯볶음,도라지초무침,차돌박이찌개,유린기,,,
692,주꾸미초무침,언양식불고기,파래김,,,,
693,쫑상추무침,오리불고기,셀프무쌈말이,,,,
694,동그랑땡전,깻잎지,쇠고기모듬장조림,,,,
695,감자그라탕,제육볶음,콩나물파채무침,,,,
696,도토리묵무침,메밀전,등갈비김치찜,,,,
697,실곤약초무침,고추잡채,가자미튀김,,,,
698,맛살전,참나물겉절이,동파삼겹수육,,,,
699,두부조림,치즈함박스테이크,방풍나물,동태찌개,,,
700,건새우마늘쫑볶음,메추리알조림,짬뽕불고기,,,,
701,물파래무침,해물김치전,닭볶음탕,연두부탕,,,
702,탕수어,쫄면무침,치커리유자청생채,,,,
703,돼지갈비찜,두부새싹구이,호박나물,,,,
704,고기전,닭개장,갈치양념조림,비트무생채,,,
705,쌈무,부추생채,훈제오리구이,크리스마스케익,매운어묵볶음,,
706,얼갈이나물,골뱅이무침,돈육굴소스볶음,,,,
707,계란말이,참나물땅콩무침,순두부찌개,오징어볶음,,,
708,고추장찌개,버섯불고기,해물동그랑땡,유채나물,,,
709,양배추쌈,감자채볶음,돈육고추장불고기,,,,
710,떡국,소갈비찜,해물파전,도라지오이무침,식혜,,
711,주꾸미초무침,차돌박이찌개,안동찜닭,꽈리고추찜,,,
712,언양식불고기,물미역무침,삼치구이,,,,
713,늙은호박전,부추생채,쇠고기숙주볶음,,,,
714,청경채생채,치즈함박스테이크,고등어구이,,,,
715,치킨핑거,검정콩조림,비빔밥,,,,
716,감자프리타타,탕수육,깻잎지,육개장,,,
717,고추잡채,꽃게탕,메밀전,시금치나물,,,
718,알탕,감자채볶음,마늘쫑무침,돈육굴소스볶음,,,
719,해파리냉채,등갈비김치말이,치커리유자청생채,,,,
720,단무지,유산슬,군만두,짜장덮밥,,,
721,두부스테이크,쇠고기낙지볶음,오이무침,,,,
722,실곤약초무침,우엉조림,순살파닭,,,,
723,야채계란찜,고추장찌개,오이사과무침,버섯불고기,,,
724,청경채생채,닭볶음탕,새송이버섯전,,,,
725,생선까스,오복지무침,,,,,
726,누룽지탕수육,오징어초무침,취나물,,,,
727,짬뽕불고기,도라지나물,멸치호두볶음,,,,
728,김치제육볶음,브로컬리들깨찜,사과고구마그라탱,된장찌개,,,
729,치킨무,양파치킨,돈육잡채,유채나물,,,
730,카레덮밥,쫄면무침,새우까스,오이무침,,,
731,갈치구이,콩나물겨자채무침,비엔나감자볶음,,,,
732,해물파전,동파삼겹수육,간장깻잎지,,,,
733,쌈무,부추생채,훈제오리구이,매운어묵볶음,,,
734,숙주나물,들깨버섯무침,제육볶음,,,,
735,실곤약초무침,소불고기,계란말이,,,,
736,순두부찌개,돈육장조림,옥수수전,물미역,,,
737,메추리알조림,고구마튀김,낙지비빔밥,오복지무침,,,
738,카레감자채볶음,꽃게탕,양배추쌈,미니채소떡갈비,,,
739,미역줄기볶음,연두부,오징어볶음,,,,
740,치즈함박스테이크,새송이버섯전,유채나물,콩비지찌개,,,
741,오징어야채무침,차돌박이찌개,구이김,보름나물,부럼,굴비구이,
742,요플레,무생채,김치찐만두,치킨핑거,,,
743,돼지갈비찜,오이무침,시금치프리타타,,,,
744,마늘쫑건새우볶음,언양식불고기,돈육김치찌개,맛살냉채,,,
745,고추장찌개,참나물,버섯불고기,두부양념조림,,,
746,숙주나물,미트볼칠리조림,고등어구이,,,,
747,비빔밥,오징어튀김,떡밤초,,,,
748,돈삼겹보쌈,무말랭이,매운어묵볶음,,,,
749,옥수수계란찜,해물된장찌개,모듬쌈,돈육간장불고기,,,
750,고추잡채,육개장,얼갈이나물,삼치구이,,,
751,닭가슴살냉채,코다리강정,유채나물겉절이,,,,
752,녹두전,소고기낙지볶음,돌나물,,,,
753,열무나물무침,차돌박이찌개,비엔나컬리플라워조림,해물누룽지탕,,,
754,건새우마늘쫑볶음,감자프리타타,쇠고기숙주볶음,,,,
755,풋마늘대무침,해물김치전,안동찜닭,,,,
756,카레덮밥,쫄면무침,무말랭이,고구마치즈구이,,,
757,양념깻잎지,갈치구이,모듬소시지구이,,,,
758,메밀전병만두,호박나물,등갈비김치찜,,,,
759,오징어숙회무침,버섯불고기,세발나물,,,,
760,쫑상추무침,동파육,계란찜,,,,
761,야채튀김,김치제육덮밥,오이무침,,,,
762,동태전,봄동겉절이,한방소갈비찜,식혜,새송이전,,
763,해물된장찌개,달래두부무침,양배추쌈,돈육굴소스볶음,,,
764,두부구이,꽃게탕,소고기장조림,방풍나물,,,
765,들깨버섯무침,얼갈이나물,제육볶음,,,,
766,숙주나물,돈육칠리강정,,,,,
767,야채계란말이,부추팽이겉절이,어묵탕,매운돼지갈비찜,,,
768,알탕,미니함박조림,셀프무쌈말이,파래김,,,
769,치커리무침,소고기숙주볶음,계란찜,,,,
770,궁중떡볶음,연두부탕,참나물무침,오징어볶음,,,
771,쫄면,볶음김치,순대볶음,온두부,,,
772,야채비빔만두,돈육김치찌개,아삭고추무침,안동찜닭,,,
773,맛살전,짬뽕불고기,간장깻잎지,,,,
774,새송이버섯전,모듬쌈,유자청돈육볶음,된장찌개,,,
775,주꾸미볶음,견과류조림,순두부찌개,감자채볶음,,,
776,나물비빔밥,오복지,오징어튀김,,,,
777,수제돈까스,오이무침,,,,,
778,치커리사과생채,옥수수전,닭오븐구이,,,,
779,도라지오이생채,버섯불고기,시금치프리타타,,,,
780,고구마순나물,닭볶음탕,우엉잡채,,,,
781,떡국,양념깻잎지,오징어볶음,계란장조림,,,
782,미트볼케찹조림,어묵볶음,세발나물,,,,
783,단무지,사천식탕수육,군만두,짜장덮밥,,,
784,양배추쌈,유자청돈육볶음,콩나물겨자채,,,,
785,취나물무침,쇠고기장조림,골뱅이무침,된장찌개,,,
786,카레라이스,방울토마토,언양식불고기,떡볶이,,,
787,무나물,해물누룽지탕,두부카프레제,,,,
788,돈육간장강정,숙주나물,황태양념구이,,,,
789,부추생채,버섯불고기,계란찜,,,,
790,오징어볶음,연근조림,,,,,
791,해물된장찌개,치커리생채,안동찜닭,버섯볶음,,,
792,단배추나물,사각어묵무침,순두부찌개,미니채소떡갈비,,,
793,쌈무,두부조림,양파절임,훈제오리구이,,,
794,요거트D,메추리알조림,청경채생채,치킨핑거,,,
795,무말랭이무침,상추쌈,마늘,고추,보쌈,,
796,실곤약초무침,참치김치찌개,소고기장조림,셀프무쌈말이,,,
797,해파리겨자채,제육볶음,호박나물,,,,
798,고기전,해물청경채볶음,미역줄기볶음,차돌된장찌개,,,
799,산채비빔밥,연근땅콩조림,치킨너겟,,,,
800,돼지갈비찜,계란말이,연두부탕,취나물,,,
801,탕수어,볶음김치,치커리유자청무침,온두부,버섯매운탕,,
802,방풍나물,코다리조림,소고기숙주나물볶음,된장찌개,,,
803,참나물생채,수원왕갈비통닭,해물순두부찌개,사각어묵볶음,,,
804,새송이떡갈비구이,꽃게탕,도토리묵야채무침,연두부,,,
805,시금치고추장무침,돈육장조림,가자미튀김,,,,
806,땅콩조림,낙지비빔밥,계란찜,부추전,,,
807,쫑상추무침,돈육콩나물불고기,시금치프리타타,,,,
808,감자채전,안동찜닭,오이소박이,,,,
809,마파두부,수제돈가스,돈나물유자청무침,,,,
810,야채비빔만두,육개장,고등어구이,파래김,,,
811,함박스테이크,동태전,봄나물비빔밥,마늘쫑무침,,,
812,메추리알조림,짬뽕불고기,모듬쌈,,,,
813,두부계란부침,콩나물무침,등갈비김치찜,,,,
814,계란말이,코다리조림,,,,,
815,고추장찌개,언양식불고기,버섯잡채,오이무침,,,
816,소불고기,숙주나물,골뱅이무침,,,,
817,부대찌개,땅콩조림,연두부,오징어볶음,,,
818,사과고구마그라탕,김치제육덮밥,맛살냉채,오복지무침,,,
819,닭볶음탕,치커리유자청생채,신김치도토리묵,,,,
820,양념깻잎지,사천식탕수육,해물파전,,,,
821,취나물무침,돼지고기유자청볶음,잡채,,,,
822,무생채,매운돼지갈비찜,,,,,
823,단무지,물만두,깐풍기,쨔샤이무침,짜장덮밥,,
824,주꾸미볶음,아삭고추무침,시금치프리타타,,,,
825,김치전,사과오이초무침,소고기장조림,,,,
826,가지나물,옥수수계란찜,소불고기,,,,
827,해파리냉채,맛살전,참치김치찌개,돈육장조림,,,
828,카레덮밥,쫄면무침,무말랭이,고구마치즈구이,,,
829,비엔나볶음,양념치킨,파래김,,,,
830,치킨핑거,얼갈이겉절이,,,,,
831,청경채생채,순두부찌개,치즈함박스테이크,매운어묵볶음,,,
832,쫑상추무침,쇠고기낙지볶음,우엉잡채,,,,
833,치킨너겟,찐옥수수,마파두부덮밥,,,,
834,호박잎,짬뽕불고기,감자채볶음,,,,
835,쌈무,동그랑땡전,부추겉절이,양파절임,훈제오리구이,,
836,꽃맛살볶음,버섯불고기,치커리유자청생채,,,,
837,닭볶음탕,도라지생채,어묵꽈리볶음,,,,
838,열무보리비빔밥,깐풍육,오복지무침,,,,
839,해물김치전,삼겹보쌈,무말랭이,,,,
840,생야채&쌈장,수박,삼계탕,,,,
841,주꾸미야채무침,차돌박이찌개,시금치나물,돈육굴소스볶음,,,
842,닭갈비,간장두부조림,셀프무쌈말이,,,,
843,산채비빔밥,야채튀김,아삭고추무침,요플레,,,
844,모듬묵양념장,참나물생채,돈육김치찌개,미니채소떡갈비,,,
845,갈치구이,무생채,비엔나감자볶음,,,,
846,양파짱아찌,소고기숙주볶음,,,,,
847,파프리카잡채,콩나물무침,등갈비김치찜,,,,
848,카레라이스,쫄면야채무침,호두견과류강정,갈비통통만두,,,
849,치커리사과무침,유린기,코다리조림,,,,
850,김치전,오이맛살초무침,고구마함박스테이크,,,,
851,사과고구마그라탕,오이무침,유자청제육볶음,,,,
852,햄감자채볶음,장어강정,콩나물무침,,,,
853,메밀전병만두,해물누룽지탕,오복지,찐햇감자,,,
854,청경채생채,닭볶음탕,오징어브로컬리숙회,,,,
855,고추장찌개,계란말이,미트볼케찹조림,꽈리고추찜,,,
856,건새우마늘쫑볶음,닭갈비,실곤약흑임자무침,,,,
857,짬뽕불고기,양배추쌈,계란찜,,,,
858,단무지무침,고추잡채,군만두,짜장덮밥,,,
859,돼지갈비찜,치커리유자청무침,어묵볶음,,,,
860,주꾸미볶음,양념깻잎지,옥수수전,차돌된장찌개,,,
861,고추잎나물,소고기숙주볶음,된장찌개,모듬묵,,,
862,언양식불고기,감자프리타타,꽃게탕,깻잎찜,,,
863,유린기,쨔샤이무침,,,,,
864,닭개장,쇠고기장조림,잡채,비름나물된장무침,,,
865,유자청제육볶음,연두부,해물겨자냉채,,,,
866,모듬소세지구이,얼갈이겉절이,닭강정,,,,
867,산채비빔밥,아삭고추무침,요플레,오징어튀김,,,
868,류산슬,닭곰탕,오이도라지생채,오꼬노미야끼계란말이,,,
869,숙주나물,돈육김치찌개,자반고등어구이,미니채소떡갈비,,,
870,함박스테이크,사과고구마그라탕,꽃게탕,콩나물무침,,,
871,동태전,고추장찌개,레몬미역초무침,버섯불고기,,,
872,카레덮밥,쫄면야채무침,오복지,치킨핑거,,,
873,쌈무,부추겉절이,양파절임,훈제오리구이,매운어묵볶음,,
874,부대찌개,비엔나컬리플라워볶음,굴비구이,김구이,,,
875,궁중떡볶음,쫑상추무침,돈육김치볶음,,,,
876,참나물생채,차돌박이찌개,갈치무조림,소고기장조림,,,
877,새송이너비아니구이,오이무침,양장피,,,,
878,도토리묵야채무침,호박부추전,매운돼지갈비찜,,,,
879,수제돈까스,통도라지구이,미역무침,된장찌개,,,
880,짬뽕불고기,버섯잡채,모듬쌈,,,,
881,감자프리타타,사천식탕수육,청경채겉절이,,,,
882,나물비빔밥,송편,식혜,생선까스,갈비만두,,
883,연두부,훈제오리고추장볶음,쌈무,부추생채,,,
884,꽃상추겉절이,꽃게된장찌개,날치알계란찜,돈육굴소스볶음,,,
885,오징어숙회무침,탄두리치킨,,,,,
886,주꾸미볶음,카레감자채볶음,호박나물,,,,
887,비름나물,대패삼겹,사각어묵무침,,,,
888,동그랑땡전,얼갈이겉절이,유자청제육볶음,,,,
889,미역줄기볶음,버섯불고기,골뱅이무침,,,,
890,돈육강정,사과고구마그라탕,오복지무침,,,,
891,두부스테이크,해물누룽지탕,마늘쫑무침,,,,
892,언양식불고기,청경채생채,계란말이,,,,
893,메추리알조림,짬뽕불고기,얼갈이겉절이,,,,
894,돈육김치찌개,부추겉절이,닭갈비,우엉잡채,,,
895,해물된장찌개,소불고기,두부양념조림,미역레몬초무침,,,
896,마늘쫑건새우볶음,해파리겨자채,콩비지찌개,돈육굴소스볶음,,,
897,치커리사과무침,마늘간장치킨,동태탕,새송이버섯전,,,
898,미트볼조림,청경채무침,굴비구이,,,,
899,건파래무침,매운돼지갈비찜,,,,,
900,야채스틱,감자채볶음,제육볶음,,,,
901,닭갈비,부추생채,어묵볶음,,,,
902,돈육강정,쨔샤이무침,,,,,
903,알탕,치커리유자청무침,쇠고기두부찜,해물굴소스볶음,,,
904,쇠고기장조림,옥수수전,마늘쫑무침,,,,
905,고추장찌개,훈제오리단호박볶음,양파절임,부추생채,골뱅이무침,,
906,얼큰순두부찌개,도토리묵무침,잡채,짬뽕불고기,,,
907,카레라이스,메밀전병만두,단무지,유린기,,,
908,숙주나물무침,계란말이,등갈비김치말이,,,,
909,나물비빔밥,식혜,생선까스,갈비만두,,,
910,메추리알조림,유자청제육볶음,모듬쌈,,,,
911,두부새싹구이,파래김,오징어볶음,된장찌개,,,
912,무비트생채,치킨핑거,마파두부덮밥,,,,
913,쫑상추무침,늙은호박전,동파삼겹수육,,,,
914,옥수수스프,옛날돈까스,감자범벅,수제피클,,,
915,청경채사과생채,소고기낙지볶음,계란찜,,,,
916,고추장찌개,감자채볶음,콩나물무침,순살파닭,,,
917,동태전,김치제육덮밥,오이무침,시금치프리타타,,,
918,물파래무침,멸치호두볶음,미니채소떡갈비,,,,
919,단무지,사천식탕수육,야채볶음밥,,,,
920,언양식불고기,잡채,돈육김치찌개,진미채무침,,,
921,주꾸미볶음,양념깻잎지,옥수수전,차돌된장찌개,,,
922,돈육강정,사과고구마그라탕,오복지무침,,,,
923,해물누룽지탕,모듬소시지구이,미역레몬초무침,,,,
924,또띠아칩,방울토마토,김치볶음밥,피클,,,
925,오이무침,소고기장조림,시금치프리타타,,,,
926,김치볶음,탕수어,참나물,온두부,육개장,,
927,청포묵무침,오이도라지무침,닭강정,,,,
928,류산슬,비빔야채만두,실곤약흑임자무침,된장찌개,,,
929,카레덮밥,쫄면야채무침,아몬드멸치볶음,생선까스,,,
930,고추장찌개,계란말이,버섯불고기,아삭고추무침,,,
931,누룽지탕수육,마파두부,파래김,,,,
932,나물비빔밥,군만두,치커리유자청생채,감자치즈구이,,,
933,청경채생채,해물파전,닭볶음탕,,,,
934,오므라이스,군고구마,모듬튀김,,,,
935,쌈무,양파절임,우엉잡채,훈제오리구이,,,
936,마늘간장치킨,홍합탕,마늘쫑무침,부추전,,,
937,해물까스,요플레,김치볶음밥,비트무생채,계란,,
938,동태전,가지나물,닭갈비,,,,
939,양념깻잎지,수제돈가스,계란찜,,,,
940,시금치나물,유자청돈육볶음,콩나물겨자채,,,,
941,치커리사과무침,유린기,코다리조림,,,,
942,새송이너비아니구이,오이무침,양장피,,,,
943,도토리묵야채무침,호박부추전,매운돼지갈비찜,,,,
944,고추잡채,가지무침,참치김치찌개,안동찜닭,,,
945,떡잡채,쌈무,양파절임,훈제오리볶음,,,
946,유채겉절이,메추리알곤약조림,소고기숙주볶음,,,,
947,가래떡츄러스,언양식불고기,,,,,
948,연두부,해물콩나물찜,대패삼겹,된장찌개,,,
949,두부커틀릿,매운닭찜,간장깻잎지,,,,
950,모듬쌈,비엔나감자조림,돈육김치볶음,,,,
951,애호박전,콩나물무침,조각케익,치킨핑거,,,
952,물미역,짬뽕불고기,녹두전,된장찌개,,,
953,파인애플볶음밥,단무지무침,사천식탕수육,콘치즈오븐구이,,,
954,고추장찌개,버섯불고기,오이무침,두부양념조림,,,
955,닭볶음탕,부추깻잎전,양배추쌈,,,,
956,떡국,제육볶음,유채나물,식혜,시금치프리타타,,
957,탕수어,비빔밥,마늘쫑무침,,,,
958,된장찌개,쫑상추무침,돈육김치볶음,사각어묵볶음,,,
959,오이도라지무침,감자채전,순살파닭,,,,
960,돈육강정,사과고구마그라탕,오복지무침,,,,
961,언양식불고기,치커리무침,육개장,가자미튀김,,,
962,또띠아피자,참치회덮밥,락교,,,,
963,부추생채,명이절임,훈제오리구이,마늘쫑볶음,,,
964,두부구이,오이무침,함박스테이크,,,,
965,고기전,오징어숙회무침,콩나물무침,연두부탕,,,
966,해물된장찌개,묵은지닭찜,아삭고추무침,깐풍두부,,,
967,토마토스파게티,김치필라프,크림스프,수제피클,,,
968,닭갈비,순두부찌개,고등어구이,치커리사과유자청무침,,,
969,땅콩조림,콩나물냉채,등갈비김치찜,,,,
970,허니버터치킨,오이무침,불고기비빔밥,,,,
971,동태전,돼지갈비찜,시금치초무침,,,,
972,미역오이초무침,어묵꽈리고추조림,오리고추장볶음,,,,
973,청경채생채,치킨핑거,,,,,
974,달래두부무침,닭오븐구이,시금치나물,,,,
975,김치제육덮밥,열무나물,오징어튀김,,,,
976,세발나물생채,쇠고기낙지볶음,계란찜,,,,
977,돈육강정,모듬버섯볶음,도라지초무침,차돌박이찌개,,,
978,주꾸미초무침,언양식불고기,파래김,,,,
979,어묵탕,동파삼겹수육,오이무침,감자채볶음,,,
980,보름나물,부럼,미트볼조림,굴비구이,,,
981,유채나물,소고기숙주볶음,골뱅이무침,,,,
982,양념깻잎지,레몬탕수육,냉이된장찌개,실곤약흑임자무침,,,
983,비빔야채만두,닭데리야끼조림,,,,,
984,쫑상추무침,돈육간장볶음,동태찌개,사각어묵볶음,,,
985,또띠아칩,미니짬뽕,크림새우,,,,
986,미역오이초무침,유자청제육볶음,우엉잡채,,,,
987,주꾸미볶음,고기전,봄동겉절이,차돌된장찌개,,,
988,메밀전병만두,나물비빔밥,사과고구마그라탕,도라지오이생채,,,
989,오징어초무침,호박채나물,간장마늘치킨,,,,
990,짬뽕불고기,새송이버섯전,치커리만다린무침,,,,
991,된장찌개,실곤약초무침,계란찜,돈육김치볶음,,,
992,늙은호박전,양파절임,부추생채,부대찌개,훈제오리구이,,
993,치킨텐더,낙지비빔밥,마늘쫑무침,,,,
994,두부계란부침,닭갈비,콩나물무침,,,,
995,세발나물생채,황태양념구이,소고기장조림,,,,
996,모듬묵,치커리유자청무침,소고기버섯볶음,,,,
997,꽃맛살볶음,양념깻잎지,오징어볶음,,,,
998,고추장찌개,떡잡채,갈치구이,오이무침,,,
999,김치전,치킨무,돌나물무침,수원왕갈비통닭,,,
1000,브로컬리,돈육간장볶음,쫄면야채무침,,,,
1001,옥수수계란찜,소불고기,오이도라지생채,,,,
1002,꼬들단무지무침,대파육개장,가자미엿장조림,청경채겉절이,,,
1003,카레라이스,,골뱅이야채무침,감자만두,애기새송이버섯볶음,미소시루,
1004,가지완자튀김,꼬들빼기김치,해물돼지갈비찜,순두부찌개,,,
1005,야채스틱,고추,부추겉절이,동태포전,설렁탕,,
1006,오징어숙회무침,아삭고추쌈장무침,돈육굴소스볶음,,,,
1007,대구탕,차돌박이숙주볶음,시금치나물,브로컬리,다시마,,
1008,고춧잎볶음,콩나물냉채,마파두부덮밥,레몬유린기,,,
1009,짜장닭볶음,고추장고구마순무침,콩비지찌개,햄계란말이,,,
1010,풋마늘대무침,감자채볶음,칠리새우,갈비탕,,,
1011,오리양념불고기,봄동전,미역초무침,,,,
1012,치커리사과무침,김치고기전,해물누룽지탕,,,,
1013,목살스테이크,오이무침,,,,,
1014,모듬쌈,제육볶음,계란찜,,,,
1015,치킨너겟,봄나물비빔밥,마늘쫑무침,,,,
1016,주꾸미볶음,연두부,우렁된장찌개,오꼬노미계란말이,,,
1017,고추장찌개,모듬버섯볶음,참나물생채무침,안동찜닭,,,
1018,배추깻잎,오복지무침,삼겹살수육&풋고추,,,,
1019,참치김치볶음,치커리오이무침,감자채볶음,등갈비김치찜,,,
1020,고추튀김,오이&당근,부추무침,,,,
1021,오리불고기,간장깻잎지,,,,,
1022,유채나물무침,후르츠탕수육,두부양념조림,,,,
1023,짜요짜요,닭강정,낙지비빔밥,셀프무쌈말이,,,
1024,소고기브로컬리볶음,영양부추생채,시금치부침개,,,,
1025,실곤약무침,고구마고로케,미니우동,고기듬뿍카레라이스,,,
1026,숙주나물,치즈닭갈비,고구마치즈빵,,,,
1027,LA갈비구이,참나물땅콩가루무침,새우튀김,청포도,,,
1028,육전,얼갈이겉절이,해물잡채,전복장각삼계탕,,,
1029,연어스테이크,머위된장무침,비트무피클,바질페스토스파게티,,,
1030,야채계란말이,오이사과생채,우엉불고기,,,,
1031,오향장육,양배추,케일,식혜,꼬막미나리초무침,,
1032,나주곰탕,춘천닭갈비,가지나물무침,황태포무침,단호박견과류구이,,
1033,해물볶음우동,고구마치즈돈까스,자몽에이드,두릅새송이초무침,새우완자탕,,
1034,대구지리탕,문어오이미역초무침,모듬소세지버섯구이,카레닭볶음,요거트드링킹,,
1035,브로콜리새송이메추리알조림,홍삼,크란치바,양파호박채나물,육개장,수원왕갈비,
1036,건강비빔밥,깻잎전,황태채마늘쫑무침,,,,
1037,춘권튀김,새우날치알볶음밥,장어구이,오이무초무침,망고,복숭아아이스티,
1038,콩나물부추무침,삼겹살더덕고추장구이,곰취,명이나물-장아찌,청,적포도,
1039,왕갈비탕,꼬시래기무초무침,해물전,쫄면야채무침,,,
1040,냉메밀소바,견과류연근조림,양배추채무침,프로바이오틱,히레카츠,,
1041,해물섞어찜,통오이고추무침,크레미계란말이,,,,
1042,돈육김치찌개,새송이,두부참치조림,양념,마시는요거트,냉족발야채무침,
1043,소갈비찜,호박숙,오징어링,새우튀김,,,
1044,닭개장,골뱅이야채무침,떡갈비,감자채볶음,인절미츄러스맛탕,,
1045,야채스틱,바싹불고기,파인애플,요플레,고추장누들떡볶이,,
1046,꽈리고추찹쌀무침,블랙페퍼쉬림프,생선까스,,,,
1047,연두부탕,제육볶음,시금치프리타타,모듬쌈,,,
1048,도토리묵무침,명엽채볶음,들깨수제비,닭볶음탕,,,
1049,비빔메밀면,견과류멸치볶음,미역미소시루,닭살카레라이스,후르츠탕수육,,
1050,주꾸미볶음,청경채만다린생채,두부스테이크,차돌된장찌개,,,
1051,야채비빔만두,소불고기덮밥,땅콩조림,어묵볶음,,,
1052,연두부,쫑상추무침,짬뽕불고기,,,,
1053,고추잡채,동그랑땡구이,청경채겉절이,,,,
1054,꽁치한마리구이,만두탕수육,쨔샤이무침,,,,
1055,옥수수계란찜,콩비지찌개,간장깻잎지,오징어볶음,,,
1056,오이지무침,마파두부덮밥,레몬유린기,,,,
1057,닭갈비,콩나물잡채,셀프무쌈말이,,,,
1058,모듬야채쌈,돈육고추장볶음,사각어묵무침,된장찌개,,,
1059,매실짱아찌,열무보리비빔밥,깐풍육,강된장,,,
1060,비름나물,녹두전,육개장,소고기장조림,,,
1061,베이컨김치볶음밥,야채고로케,해물부추전,수박,,,
1062,대구탕,오이무침,오삼불고기,해물동그랑땡,,,
1063,두부구이,미역줄기볶음,닭볶음탕,,,,
1064,깻잎순무침,나물비빔밥,치킨핑거,,,,
1065,도라지오이무침,토마토프리타타,굴비구이,,,,
1066,참나물생채,모듬어묵볶음,돈육버섯고추장덮밥,양파링카레튀김,,,
1067,고구마순볶음,매운돈갈비찜,메밀전병,,,,
1068,콩자반,어묵잡채,대파육개장,홍어미나리초무침,,,
1069,카레라이스,쫄면야채무침,동태알탕,부추고추전,,,
1070,춘천닭갈비,감자채파프리카볶음,옥수수계란찜,,,,
1071,핫도그,오리불고기,양배추숙쌈&쌈장,콩나물맛살냉채,,,
1072,채소스틱&쌈장,콩자반,통들깨부추무침,한방설렁탕,오징어초무침,,
1073,건새우호박채전,닭볶음탕,도라지오이초무침,,,,
1074,돈육고추장볶음,쌈채소&쌈장,콩자반,무채와사비무침,,,
1075,숙주미나리무침,미역미소시루,마파두부덮밥,만두찜,레몬유린기,,
1076,쭈꾸미삼겹고추장볶음,쫑상추무침,두부커틀렛,,,,
1077,무말랭이무침,열기어구이,도토리묵,비빔밥,,,
1078,아삭고추쌈장무침,가지찜,장각삼계탕,해물잡채,,,
1079,수제돈가스,호박새우젓볶음,깍둑오이초무침,김치우동,,,
1080,모둠채소무침,돈육김치볶음,두부맛전,,,,
1081,닭개장,타래과,브로콜리숙회,양장피,,,
1082,고등어카레구이,오이소배기,오리불고기,매운콩나물무침,,,
1083,깻잎통닭,김치전,치킨무,콘슬로우,,,
1084,열무나물,만가닥버섯불고기,실곤약냉채,,,,
1085,토마토스크램블,안동찜닭,얼갈이나물,,,,
1086,목살스테이크,가자미엿장구이,꽈리고추감자조림,호박된장찌개,,,
1087,삼겹살수육,보쌈김치,모둠쌈,수박화채,풋고추,부추무침,마늘
1088,낙지비빔밥,브로콜리깨소스무침,후라이드,미나리초무침,,,
1089,새우까스,마늘종숙회,짜글이돼지찌개,어묵고추장떡,,,
1090,열무나물,골뱅이채소무침,오리대패불고기,,,,
1091,오징어튀김,돈갈비찜,삼색콜리,,,,
1092,장어강정,오이양파무침,탱크보이,꽈리고추메추리알조림,,,
1093,분홍소시지전,파프리카해초무침,쭈삼불고기,새송이전,찐옥수수,,
1094,아귀순살찜,닭다리바베큐오븐구이,유부채소겨자냉채,,,,
1095,생선까스&소스,근대나물,해파리무침,뼈없는감자탕,,,
1096,떡국,수떡수떡화채,더덕무침,매운쇠고기버섯볶음,양배추,케일숙쌈,
1097,타꼬야끼,청경채깨장나물,오징어볶음&소면사리,,,,
1098,부들어묵볶음,바베큐폭립,참나물두부무침,,,,
1099,동태탕,브로콜리버섯볶음,부추와사비무침,살살치킨&칠리소스,,,
1100,김말이튀김,단호박,치즈닭갈비,부대찌개,상추무침,,
1101,맑은버섯육개장,채소계란말이,매콤해물볶음,고구마순무침,,,
1102,오리불고기,갈릭버섯탕수,검은깨올방개묵무침,츄러스,,,
1103,김치볶음,오향장육,모둠쌈,고추지무침,,,
1104,버섯메추리알장조림,더덕오이생채,콩나물두루치기,,,,
1105,카레닭찜,김치빈대떡,고구마순볶음,시리얼&요거트,,,
1106,나주곰탕,적어구이&양념장,얼갈이나물,한식잡채,,,
1107,돈사태김치찜,삼색유자청무침,모닝샌드,닭살겨자냉채,,,
1108,노각생채,코다리강정,소불고기,순두부찌개,,,
1109,궁보계정,가지고추장무침,시금치프리타타,,,,
1110,삼색만두채소무침,호박채나물볶음,매콤돼지갈비찜,,,,
1111,수제오미산적,오리들깨탕,냉족발야채무침,,,,
1112,마파두부,쫄면채소무침,치킨핑거,,,,
1113,양배추숙쌈,딸기푸딩,대패삽겹숙주볶음,오징어초무침,,,
1114,오이사과무침,나쵸칩,생선까스,마카로니치즈범벅,,,
1115,군만두,짜장소스,계란채소볶음밥,취나물쌈장무침,,,
1116,와사비무쌈,수육,매콤볼어묵볶음,,,,
1117,미나리초장무침,돈육김치찌개,콩나물볶음,수완왕갈비맛통닭,,,
1118,순대채소볶음,수제어묵소세지핫도그,참나물두부무침,,,,
1119,미트볼채소볶음,오리고추장불고기,모둠쌈,,,,
1120,가자미엿장구이,오이양파무침,류산슬,햇고구마오븐구이,순두부찌개,,
1121,할라피뇨채소피클,빠네파스타,목살찹스테이크,,,,
1122,건새우호박볶음,쇠고기낙지볶음,채소탕수,브로콜리,,,
1123,고추마요치킨,병아리콩,통도라지고추장구이,비엔나떡조림,,,
1124,춘천닭갈비,딸기푸딩,주꾸미브로콜리숙회,청경채겉절이,,,
1125,돈갈비찜,참나물무침,김말이강정,,,,
1126,오향장육,갈비탕,부추고추장무침,한식잡채,,,
1127,콩나물파채불고기,나쵸칩,해물파전,실곤약야채무침,,,
1128,닭다리살스테이크,고구마순볶음,동태탕,감자조림,,,
1129,파프리카해초무침,꽁치캔김치조림,식혜,오리대패불고기,,,
1130,춘권튀김,쫄면채소무침,매운소불고기,,,,
1131,두부강정,치커리무침,단호박카레라이스,요거트파르페,통계란꼬치어묵탕,고추장누들떡볶이,
1132,꽃게탕,파프리카감자채볶음,바베큐장각오븐구이,버섯초무침,인절미,,
1133,총각김치,닭살겨자냉채,부추무침,하와이언치즈함박스테이크,,,
1134,시금치고추장나물,오이볶음,찹쌀호떡,훈제오리볶음,,,
1135,청양부추전,생강채,깻잎,장어고추장양념구이,알배기,,
1136,해물보쌈&채소숙회,두부된장찌개,츄러스채소맛탕,도라지나물볶음,,,
1137,돈갈비양념구이,수제단호박식혜,두반장가지볶음,청경채무침,,,
1138,임연수무조림,브로콜리쌈장무침,갈릭순살치킨,,,,
1139,쌈추,푸딩,쭈꾸미삼겹살볶음,와사비무쌈,단호박어묵탕수,,
1140,요플레,연근유자피클,아귀콩나물찜,치킨까스&소스,,,
1141,핫도그,연어스테이크,쌈추겉절이,토마토계란볶음,,,
1142,양념장,버섯잡채,돼지고추장불고기,삼색물만두무침,된장찌개,,
1143,춘천닭갈비,건새우호박채전,오이생채,,,,
1144,생선까스&타르타르소스,묵은지닭볶음탕,브로콜리숙회,,,,
1145,유부채소겨자무침,계란말이,오삼불고기,,,,
1146,채소스틱&쌈장,수제토마토청에이드,삼계탕,방풍나물,고기완자전,,
1147,도토리묵,단감,고구마순등뼈탕,깐풍기,감자채볶음,,
1148,통들깨부추무침,무생채,적어양념장구이,쇠고기숙주볶음,,,
1149,고구마오븐구이,당면채소무침,얼갈이나물,짜파치킨,돼지김치찌개,,
1150,상추,쑥갓쌈&쌈장,동태매운탕,대패삼겹살볶음,어묵고추장볶음,,
1151,전주비빔밥,모둠버섯볶음,수제사과계피차,찰떡국갈비조림,수제참나물장아찌,,
1152,과일그라탕,쇠고기낙지볶음,물미역,,,,
1153,수제탕수육,치커리오이무침,매콤해물볶음,,,,
1154,매운족발볶음,돌나물유자청무침,수제생강대추차,해물까스,,,
1155,버섯숙회,청경채,도라지볶음,꽈배기도넛,동파육,,
1156,개성식메밀부침개,한방설렁탕,참나물무침,골뱅이채소무침,,,
1157,타꼬야끼,숙주미나리무침,해물돼지갈비찜,갓김치,,,
1158,수제두부까스&하이소스,톳무침,안동찜닭,나쵸,,,
1159,메추리알탕수,부추양파무침,호박된장찌개,오리주물럭,,,
1160,해파리냉채,미니버거,두부고기양념찜,알리오올리오파스타,,,
1161,오이쑥갓생채,순두부찌개,요거닭,비엔나채소볶음,,,
1162,쇠고기당면볶음,가자미유린기,물미역,,,,
1163,쌈추,깻잎,제육고추장불고기,콩나물파채무침,,,
1164,솎음열무나물,홍시,등심돈까스,버터치킨카레소스,어묵매운탕,,
1165,불낙찌개,코다리강정,참치두부전,시금치나물,,,
1166,고추장감자조림,탕평채,콩비지김치찌개,해물누룽지탕,수제과일잼샌드,,
1167,취나물무침,돼지간장불고기,깐풍연근,,,,
1168,청경채찜,고기완자전,오징어볶음,,,,
1169,붕어빵,쑥갓나물,스팸계란전,닭간장조림,,,
1170,LA갈비구이,삼색유자청무침,축하떡,한식잡채,오프룻요거트,,
1171,바지락비빔밥,채소프리타타,산고추지무침,메밀전병,,,
1172,오향장육,다시마쌈,양배추,더덕구이,된장찌개,,
1173,교촌윙,육개장,톳두부무침,갈치감자조림,,,
1174,두부구이,삼겹살김치볶음,어묵간장조림,,,,
1175,훈제오리마늘볶음,꿀호떡,봄동나물,아귀콩나물찜,,,
1176,치즈계란찜,크래미해초무침,호박고추장찌개,만가닥버섯불고기,,,
1177,고등어카레구이,상추,제육고추장불고기,알배기,,,
1178,닭다리살스테이크,진미채오이무침,단호박채소전,,,,
1179,누룽지장각백숙,풋고추양파쌈장무침,캔꽁치튀김,쫄면채소무침,,,
1180,콩나물파채불고기,쌈배추,건취나물볶음,양상추,굴떡국,,
1181,해물완자전,가자미무조림,돈갈비김치찌개,시금치나물,,,
1182,문어꽈리고추조림,세발나물무침,인도커리&난,탄두리치킨,오이소박이,,
1183,청양고추계란말이,달래무침,동태알탕,수제돈까스&소스,,,
1184,소고기잡채,유채나물무침,오삼불고기,새알팥죽,,,
1185,하와이언함박스테이크,토마토두부카프레제,매운쇠고기샤브샤브,봄동겉절이,마늘바게트,냉이나물무침,
1186,파프리카계란전,마파무조림,,,,,
1187,고등어김치말이찜,파래김,오리대패불고기,,,,
1188,동태전,소고기떡국,오미산적,콩나물잡채,식혜,봉추찜닭,
1189,봄동숙,과일그라탕,돈육도라지고추장볶음,,,,
1190,꽁치한마리레몬구이,오리들깨탕,파프리카계란말이,미니핫도그,아삭이고추된장무침,,
1191,목살스테이크,무쌈채소말이,참치채소볶음,,,,
1192,매운소고기낙지볶음,양배추쌈,메추리알짜장떡볶이,,,,
1193,쪽파무침,옥수수계란찜,오리대패불고기,,,,
1194,허니순살치킨,쑥갓나물,콩나물볶음,된장찌개,,,
1195,돈육두루치기,타코야끼,상추쌈,,,,
1196,소갈비찜,두부까스,매운호박볶음,,,,
1197,솎음열무나물,채소스틱,고등어구이,뼈없는감자탕,,,
1198,춘천닭갈비,감자채카레볶음,청경채나물,,,,
1199,떡잡채,치커리오이무침,삼겹살김치찜,,,,
1200,생깻잎지,단호박물김치,수제함박스테이크,견과류마카로니범벅,,,
1201,버섯숙회,청경채,봄동전,무생채,동파육,,
1202,전주비빔밥,파프리카해초무침,요거닭,올방개묵무침,,,
1203,양념김,봄동겉절이,연두부,깐풍연근,돈육간장불고기,,
1204,옥수수콘치즈구이,교촌간장치킨,가지고추장무침,,,,
